id,firstName,lastName,location
1,Emma,Smith,New York
2,Liam,Johnson,Los Angeles
3,Noah,Williams,Chicago
4,Olivia,Jones,Houston
5,Ava,Brown,Phoenix
6,Isabella,Davis,San Francisco
7,Sophia,Miller,Miami
8,Mia,Anderson,Dallas
9,Charlotte,Taylor,Seattle
10,Amelia,Thomas,Austin
11,Harper,Jackson,Atlanta
12,Evelyn,White,Denver
13,Abigail,Harris,Portland
14,Emily,Martin,San Diego
15,Ella,Thompson,Las Vegas
16,Avery,Garcia,Charlotte
17,Sofia,Martinez,Detroit
18,Chloe,Robinson,Washington
19,Grace,Clark,Boston
20,Victoria,Rodriguez,San Francisco
21,Aubrey,Lewis,Baltimore
22,Zoey,Lee,Houston
23,Hannah,Walker,Seattle
24,Lily,Hall,Chicago
25,Layla,Allen,New York
26,Brooklyn,Young,Phoenix
27,Scarlett,Hernandez,Atlanta
28,Zoe,King,Miami
29,Paisley,Wright,Dallas
30,Stella,Lopez,Los Angeles
31,Lillian,Hill,Denver
32,Alyssa,Scott,Portland
33,Madison,Green,San Diego
34,Aria,Adams,Las Vegas
35,Kaylee,Baker,Charlotte
36,Ellie,Gonzalez,Detroit
37,Aaliyah,Nelson,Washington
38,Hailey,Carter,Boston
39,Nora,Mitchell,San Francisco
40,Addison,Perez,Houston
41,Bella,Roberts,Seattle
42,Aurora,Turner,Chicago
43,Alexis,Phillips,New York
44,Savannah,Campbell,Phoenix
45,Audrey,Parker,Atlanta
46,Brooklyn,Evans,Miami
47,Peyton,Edwards,Dallas
48,Maya,Collins,Los Angeles
49,Elena,Stewart,Denver
50,Kylie,Sanchez,Portland
51,Autumn,Morris,San Diego
52,Piper,Rogers,Las Vegas
53,Hazel,Reed,Charlotte
54,Alexa,Cook,Detroit
55,Katherine,Morgan,Washington
56,Allison,Bell,Boston
57,Kinsley,Murphy,Houston
58,Madelyn,Bailey,Seattle
59,Claire,Cox,Chicago
60,Sarah,Richardson,New York
61,Violet,Kelly,Phoenix
62,Keira,Hayes,Atlanta
63,Sadie,Watson,Miami
64,Penelope,Brooks,Dallas
65,Kennedy,Bennett,Los Angeles
66,Skylar,Wood,Denver
67,Lucy,Gray,Portland
68,Ariana,James,San Diego
69,Caroline,Hughes,Las Vegas
70,Genesis,Vargas,Charlotte
71,Ashley,Foster,Detroit
72,Kayla,Gonzales,Washington
73,Nevaeh,Long,Boston
74,Serenity,Flores,Houston
75,Naomi,Ward,Seattle
76,Hailey,Pratt,Chicago
77,Eva,Butler,New York
78,Leah,Ramos,Phoenix
79,Mackenzie,Ryan,Atlanta
80,Kayleigh,Price,Miami
81,Julia,West,Dallas
82,Delilah,Barnes,Los Angeles
83,Arianna,Wood,Denver
84,Cora,Cole,Portland
85,Amy,Jenkins,San Diego
86,Melanie,Perry,Las Vegas
87,Adeline,Powell,Charlotte
88,Isabelle,Long,Detroit
89,Adalynn,Patterson,Washington
90,Maria,Gonzalez,Boston
91,Faith,Brown,Houston
92,Kaitlyn,Hughes,Seattle
93,Luna,Flores,Chicago
94,Gabriella,Murphy,New York
95,Athena,Foster,Phoenix
96,Daniela,Reyes,Atlanta
97,Haley,Cooper,Miami
98,Anna,Rodriguez,Dallas
99,Vivian,Richardson,Los Angeles
100,Camila,Hernandez,Denver
101,Kendall,Young,Portland
102,Catherine,Bell,San Diego
103,Megan,Cook,Las Vegas
104,Morgan,Watson,Charlotte
105,Elsie,Gray,Detroit
106,Scarlet,Edwards,Washington
107,Isla,Collins,Boston
108,Kali,Morgan,Houston
109,Natalia,Bennett,Seattle
110,Ruby,Mitchell,Chicago
111,Lauren,Ross,New York
112,Eleanor,Ross,Phoenix
113,Ashlyn,Watson,Atlanta
114,Annabelle,Stewart,Miami
115,Valeria,Gonzalez,Dallas
116,Emery,Perez,Los Angeles
117,Lucia,Cox,Denver
118,Molly,Richardson,Portland
119,Margaret,Flores,San Diego
120,Jade,Murphy,Las Vegas
121,Ximena,Ward,Charlotte
122,Aniyah,Brown,Detroit
123,Kaydence,Gonzales,Washington
124,Liliana,Long,Boston
125,Melody,Foster,Houston
126,Ariella,Price,Seattle
127,Eden,James,Chicago
128,Eliza,Bell,New York
129,Andrea,Rodriguez,Phoenix
130,Annie,Hughes,Atlanta
131,Rosie,Evans,Miami
132,Hope,Butler,Dallas
133,Juniper,Patterson,Los Angeles
134,Gwendolyn,Wood,Denver
135,Ivy,Cole,Portland
136,Brielle,Perry,San Diego
137,Journey,Hernandez,Las Vegas
138,Adelaide,Long,Charlotte
139,Maci,Diaz,Detroit
140,Madeline,Flores,Washington
141,Charlee,Carter,Boston
142,Cecilia,Morgan,Houston
143,Alaina,Bennett,Seattle
144,Cassandra,Mitchell,Chicago
145,Leilani,Ross,New York
146,Lainey,Ross,Phoenix
147,Isabel,Watson,Atlanta
148,Reese,Stewart,Miami
149,Sarahi,Gonzalez,Dallas
150,Remi,Richardson,Los Angeles
151,Adriana,Cox,Denver
152,Phoebe,Gray,Portland
153,Ayla,Bell,San Diego
154,Stephanie,Cook,Las Vegas
155,Francesca,Watson,Charlotte
156,Lena,Edwards,Detroit
157,Ximena,Gonzales,Washington
158,Arielle,Brown,Houston
159,Keilani,Long,Boston
160,Mckenna,Foster,Seattle
161,Tessa,Hughes,Chicago
162,Miranda,Ross,New York
163,Jordyn,Ross,Phoenix
164,Harmony,Watson,Atlanta
165,Macey,Stewart,Miami
166,Kira,Gonzalez,Dallas
167,Angel,Cooper,Los Angeles
168,Amara,Richardson,Denver
169,Kelsey,Gray,Portland
170,Jasmin,Bell,San Diego
171,Dahlia,Cook,Las Vegas
172,Angelina,Watson,Charlotte
173,Mariam,Edwards,Detroit
174,Jazlyn,Gonzales,Washington
175,Emmalyn,Brown,Houston
176,Kailyn,Long,Boston
177,Kaylin,Foster,Seattle
178,Bianca,Hughes,Chicago
179,Michaela,Ross,New York
180,Kenna,Ross,Phoenix
181,Jane,Watson,Atlanta
182,Kamryn,Stewart,Miami
183,Alayna,Gonzalez,Dallas
184,Kailani,Cooper,Los Angeles
185,Sienna,Richardson,Denver
186,Marilyn,Gray,Portland
187,Joanna,Bell,San Diego
188,Kayden,Cook,Las Vegas
189,Jaliyah,Watson,Charlotte
190,Avah,Edwards,Detroit
191,Rory,Gonzales,Washington
192,Charleigh,Brown,Houston
193,Elaina,Long,Boston
194,Journee,Foster,Seattle
195,Kaya,Hughes,Chicago
196,Sandra,Ross,New York
197,Amya,Ross,Phoenix
198,Yareli,Watson,Atlanta
199,Aisha,Stewart,Miami